name,password,token
test,123,MTY0ODgyNTYzMS4yNjI1NTE6N2ExNWNmNmFiZGZhN2QyOTJlNDY5MzI5NjIyZjI4ZjY1ZTc0ZDQ1Mg==
test1,123,MTY0ODgyMjYzMS4xNjc2MDA5OjE5MDkyZWQ2YmEwYjQ5MzVkZWRkMGIyYjg0N2VlOTkwNDVhNDQxMWQ=
test2,123,MTY0ODgyMjcxOS42MzIyMzM6YzA0OTk3MTY5ZjNiOWNhMTI4YTU5NTNlNDkxMTZiZWY2YTk3YzRjZg==
test3,123,MTY0ODgyNTYwNi42MzAxMjo5ZWEzZDVhYTAxYjcxMjk0OGZhYTBkMWZiZWE2NjljNjQ1YTVkNzNm
test4,123sad,MTY0OTUyMTQ5MS41NjE5OTU6OWM0N2Q3OTlkYmNjOWRjOGIyZGM5N2ZiMmE2YmM2ZTQ5ODAzODRjNw==
test5,123sad,MTY0ODg4NjcyNS4zNTE5MjAxOjBlNGEzNmZkMGQ5Yzc5ZWMyMTdkMmE1NWUyNWI3OWYyODlmZTFlZTU=
test123,111111,MTY0OTUwODc2MC40ODI3NDc4OjNlOTBmMzgwNjdhOTg0Y2U0Njg5M2NmYWU1YTM4ZGRmZjBlZTlmMGI=
reas,1123,MTY0OTUwODgxNC4xOTMwODU6OTJjYzQ5OGYxNDA1ZGYxNWY2OTI2Mzk3M2VlODFmMWZhOTUyZTgyNQ==
tewas,12312,MTY0OTUwODg2Ni4zMTk1ODI6ODQ4NjIzNTE4MzBlNjk4YjllNzU4MTljNmFhMDM5MDg0YmI3MjEzYg==
ereas,asdfasd,MTY0OTUwOTEyNy44Mjc2NToyMGQ2YTYzYmIxNTNkZjQ0YmFjYzRiYWMxZWY5ZmRlMDIyZWExNTI3
test6,123sad,MTY0OTUxOTk4OS43OTQ5ODk6NzllZDQwNzNiMTIxM2ExYzcxMmNiZThlODk2NTZiMDk1M2UxNGYxMA==
ewr23,23r4e2e,MTY0OTUyMTUzMS4yMTgyMDI6M2Q1MDM0ODViYjVjODZmZjI3NjhiN2ZhYTc1MTNiM2Q5ODY5MDQ3Yw==
asdas,asdas,MTY0OTUyMTc0Ni43NTY2OTY6MDQ3ZDM5ZGExMGQzOThkY2JjN2U3YTliZDJjZjhmZDQ0OTliMDI3Mw==
qqq,qqqq,MTY0OTUyMjE2MC4zMjUyODExOjVhZGY1ZTJhMTA3ODE4Njg2MjVmMTUwNmI4YTNjNzVjZGVjZmM2NTk=
qqqq,qqqq,MTY0OTUyMjIxOS4zNTM0NjowZWE1YjQ1ODBmZWVhNTIxNTUyMTZmNWY4MzJjZGUxYTY1ODVhNTA2
fsdafasd,sadfsdafsd,MTY0OTc0MTU2MC41Mzc0MjMxOmU1OGVhNGMxOGU5YjRjMzZjMGY5ZmYxNDM1ZGI0YzZlYTE5MDZjZWI=
